{
  "train": {
    "rmse": 6.14877657689278,
    "mae": 3.2383235239947887
  },
  "validation": {
    "rmse": 6.390008700597273,
    "mae": 3.3047120253988473
  },
  "test": {
    "rmse": 6.258815393761464,
    "mae": 3.3392365892455573
  },
  "best_iteration": 635
}